<?xml version='1.0' encoding='UTF-8'?>
<?artifactRepository version='1.1.0'?>
<repository name='file:/D:/EIS/CWC_Connectorsws1/ericsson-air-connector/target/update-site/ - artifacts' type='org.eclipse.equinox.p2.artifact.repository.simpleRepository' version='1'>
  <properties size='2'>
    <property name='p2.timestamp' value='1484502640032'/>
    <property name='p2.compressed' value='false'/>
  </properties>
  <mappings size='3'>
    <rule filter='(&amp; (classifier=osgi.bundle))' output='${repoUrl}/plugins/${id}_${version}.jar'/>
    <rule filter='(&amp; (classifier=binary))' output='${repoUrl}/binary/${id}_${version}'/>
    <rule filter='(&amp; (classifier=org.eclipse.update.feature))' output='${repoUrl}/features/${id}_${version}.jar'/>
  </mappings>
  <artifacts size='2'>
    <artifact classifier='org.eclipse.update.feature' id='org.mule.tooling.ui.extension.ericsson-air-connector.3.5.0' version='1.0.0.201701152320'>
      <properties size='4'>
        <property name='artifact.size' value='649'/>
        <property name='download.size' value='649'/>
        <property name='download.md5' value='64412387b25bc12a4f990ddccc2ecf89'/>
        <property name='download.contentType' value='application/zip'/>
      </properties>
    </artifact>
    <artifact classifier='osgi.bundle' id='org.mule.tooling.ui.contribution.ericsson-air.3.5.0' version='1.0.0.201701152320'>
      <properties size='3'>
        <property name='artifact.size' value='1249290'/>
        <property name='download.size' value='1249290'/>
        <property name='download.md5' value='27a6ac19aff56960dac12b0c3b2171a8'/>
      </properties>
    </artifact>
  </artifacts>
</repository>
